geometry_id,part_name,shape_embedding,surface_volume_ratio,thickest_section,thinnest_wall
PART-001,Cylinder_Block_v1,"[0.577784754613697, 0.806789615499281, 0.4525048672220357, 0.2664496710140489, 2.0, 0.4726892882188454, 0.8458310324657705, 0.1239912506449734, 0.9764351031122339, 0.9621575132096022, 0.30802185176425917, 0.22834886190401896, -0.2309286865030566, -0.42671876732762926, 0.12309735003202156, -0.010823559768472803, 0.09520329023568375, 0.09971642356640344, 0.3088973353464425, 0.4295233838933487, -0.11343145091537406, 0.5045341036822288, -0.22352128946295013, -0.14104809771738858, -0.17690780580366153, 0.14846502657978464, -0.21625348875274278, 0.37623831027861937, 0.019932659275751965, -0.34787437840368257, 0.3138257650293524, 0.056308825654893896, 0.15967982833290814, -0.3588867421782928, 0.1546799879685587, -0.0420601709355841, 0.2797157795544582, -0.0014354634090940443, 0.5348888468155388, -0.530466548608908, -0.7629144253582286, -0.016018161992979854, -0.14188871355197577, -0.1492528102862786, -0.0019192621489487207, -0.0395671867325735, 0.19996394647995933, 0.2517550198587334, -0.38569107919656587, -0.26450272964320554]",350,58,4.0
PART-002,Cylinder_Block_v2,"[0.4867166977501686, 0.9097432483273113, 0.38374198493680417, 0.12638153440231495, 2.0, 0.5577391262944709, 0.950809254819704, 0.1382068485795219, 0.9875154772321928, 1.0269905466653726, 0.4866873328873627, -0.12204502409435283, 0.16716484705546733, -0.2570878505234026, 0.10271630295447491, -0.20886731177375034, -0.1370754775097574, -0.15487529931956842, 0.38425780321736497, -0.618045281528081, 0.3086463549949209, 0.08698720799071165, 0.36095329483662075, 0.10566240208651949, 0.40012141516504135, -0.3066120966726434, 0.070317811977958, 0.25696999810131127, 0.5049728075187879, -0.00031324052454415025, -0.224494070743353, 0.4367247004229537, -0.15219320366090278, -0.03205780586807144, 0.3875583109513744, 0.11008126053561461, 0.43575762596555107, -0.05083852057713853, -0.0425869936393798, -0.06394403234997645, -0.017862301610710937, -0.18719571479874933, 0.09418954255802382, 0.14575047577339012, -0.06431571934485149, 0.3150477908098721, 0.2872355018140528, -0.15374355886444033, 0.3899772605937308, 0.016093381326186443]",360,60,4.1
PART-003,Cylinder_Block_v3,"[0.5374026165631968, 0.8167044379454973, 0.3266477445661385, 0.19251222423459613, 2.0, 0.4815683330187516, 0.9380038069908745, 0.07034672601958983, 1.012105890170244, 1.0397934397027484, 0.2461907764568144, -0.38605216703383627, -0.6446822127715734, -0.0516495353537401, -0.26049808106254646, 0.44125364186645255, 0.043554741443750045, 0.508197529600574, 0.13020933417531325, -0.19817739222933164, 0.10507600719726318, 0.3673092699123464, -0.4558817862367758, 0.1750522967653045, -0.2161578165262411, 0.1748401657201798, -0.19590399297936129, 0.20999612271768894, -0.34417830016603307, -0.6426357169778791, -0.4178417163558301, -0.053183769135583835, 0.39854879572876584, -0.016452273405631216, 0.09615945169902634, 0.20149072825894457, 0.0863010774037498, 0.09109610128630652, 0.23539291161991366, -0.015188613043521267, 0.11513387298890601, -0.6515262225852813, 0.11178808280204289, -0.16823589206050385, -0.5493875926695697, -0.11971862358733164, -0.16569703926943186, 0.6555768263812566, -0.48594743719167943, 0.21917564926692762]",368,62,4.2
PART-004,Brake_Drum_v1,"[0.658059178031408, 0.40322626116271976, 0.8469693810727706, 0.5743963829990665, 1.4520755430071248, 1.4232990694995824, 0.8748885573000563, 0.7381911719692112, 0.06524897467172498, -0.027829776822674485, 0.07316004445055375, -0.31554981637236207, 0.27409436964607614, -0.0361698030838204, 0.33604092440497774, 0.43908546277680566, -0.09215545056801062, -0.2994375138332742, -0.3392039087536906, 0.11789889304314027, -0.01886849117320236, 0.24174661960448637, 0.29056768251388626, -0.08890442202198931, 0.5613599761484668, -0.5981746780157585, 0.1884904008977935, 0.1546415869661509, 0.2424954135081251, -0.28986048097020334, 0.13249507945645195, 0.0333606910582279, -0.039288446592128184, 0.11854420850491089, 0.373948497108795, -0.04284959697505513, -0.42825005596104704, 0.11955841762403019, 0.5923900197546689, 0.3091548675739283, -0.2626530352277538, 0.05205533859173534, 0.3625498572935429, 0.6795260394579284, 0.0497827518109346, -0.20684428389992285, 0.20120156810283427, -0.0004719191828280013, 0.30951160793071497, -0.09304645043605742]",521,28,8.0
PART-005,Brake_Drum_v2,"[0.7324816194667771, 0.4492801887996091, 0.903170826051758, 0.48539012517814956, 1.5071955063526863, 1.3971792292458323, 1.0135299292848499, 0.8310358819763897, 0.0056472411409737916, -0.04470489968913354, 0.4284385525613834, -0.0961441067957361, -0.6051238802889959, -0.1157618110861209, 0.9730605698399606, -0.1488537052770208, -0.5109045431446582, 0.16553526912525232, -0.3972972634261582, 0.19055334285490388, -0.4142298688549007, -0.22844379455082117, -0.05160292251271437, 0.4722139236380619, 0.11197787206518191, -0.055100653181862407, 0.2563603907918522, 0.3095545990598621, 0.4961875464246977, -0.023086712349767488, 0.02813724537432785, -0.07387720854325593, -0.16433903190529742, -0.2646782285255717, -0.16924040662594395, -0.16352004263756015, 0.04641284504118415, 0.3911693676025942, -0.21055034703797548, -0.09880047767660445, 0.20028529146258361, 0.3816792422422723, 0.6193003082365999, -0.10279294670862789, -0.32659113489585, 0.038591191145629616, 0.14435936365315993, 0.10266462623370157, -0.6812100772327325, -0.7121567914410082]",530,30,8.5
PART-006,Intake_Manifold_v1,"[0.6638588406866898, 0.523627412976265, 0.5175060142895358, 0.48933263316586334, 1.9224965041536493, 0.7472241431528834, 0.9334308734550023, 0.7231222818668928, -0.019966379016633635, -0.08512047788454498, 0.11772302529336745, 0.10621420378024489, 0.3476638121879494, 0.3677211075086421, 0.07879646053625208, 0.1365941685529665, -0.3646908250268344, 0.22030177325150668, -0.0016694956904349148, 0.10885572518360377, -0.04440822537554593, 0.11388519960891651, -0.14006533063280363, -0.1917627624385942, -0.09966055719263453, -0.14158096201512674, -0.2888493423681916, -0.10255394750259923, -0.4768116723001917, 0.1529542395472769, -0.03262825456302103, -0.10607188070704412, 0.04150568122100661, -0.355831607133956, 0.023799654499956486, -0.5817974575461635, 0.34463805627598304, -0.25749926054964617, 0.05579755057721789, -0.10802012938286099, -0.28658479522741687, -0.04036929951148464, 0.26925631044747567, 0.12614407010159512, -0.8506929820399035, -0.5732579740104197, 0.24253028575352453, -1.010931632480191, 0.2726947940274163, -0.4506284269638674]",480,35,5.0
PART-007,Intake_Manifold_v2,"[0.7521808308263441, 0.5287500683748017, 0.5079728265342452, 0.4623525263414604, 1.9446368856688871, 0.9258273382720734, 1.0085805089246904, 0.5618839267551673, 0.004180256308618196, -0.013308038368808204, -0.18386141560706754, -0.5519284172276051, -0.3732623513460936, 0.26224912821469043, -0.5241024852960272, -0.034486108746686124, -0.2377950983239014, -0.4184879108453678, -0.4007895887073515, -0.20015967916522928, -0.29058474417650826, -0.0780857231802085, 0.2548902527807009, -0.34158177158693015, 0.05574656078566139, 0.38870204202707975, 0.09097613064388618, 0.13930157859609604, -0.16668489783219714, 0.05744265208530589, 0.2219362962657899, -0.07262474633949517, 0.26010830669495444, -0.27728477174687066, 0.08622993195431455, 0.23644745446780815, 0.23264658512933628, 0.1890673899830214, 0.07424526727237446, 0.5224761537709465, 0.3290346374796645, 0.14903411058232935, 0.15130907333192575, -0.0068805150379727086, 0.4128404118636984, 0.26732379651559296, 0.09425647290146107, -0.2928848010853965, 0.004422569555197138, -0.45651282323146747]",500,38,5.5
PART-008,Exhaust_Manifold_v1,"[0.7266093442905526, 0.37741825438250803, 0.5318220194259612, 0.6295809080836913, 1.256828761898542, 1.071565993545004, 0.9891905062025305, 0.8462371379326418, 0.029280000539210163, 0.0666035553322743, 0.23055371477660827, 0.26560110933464887, 0.17410836567306462, 0.07246072541110257, -0.03424081873204065, -0.4850342084102659, -0.05268453358179943, -0.31192965165362124, -0.5035547582170532, -0.26004107506862617, 0.4367880106416791, -0.22025441055333536, -0.5920191324942516, 0.07945617797408312, 0.6659475954833298, 0.09851360993912574, 0.022169551696649983, 0.2558369771025509, -0.06405627394245166, 0.055286778632011445, 0.07956188919802272, 0.1763039907082326, 0.1874002153762286, 0.186483616569168, 0.008770281667638016, -0.24094315699009206, -0.49231335288442124, -0.022808255476358424, 0.15134550219851148, -0.42100692993379213, 0.20933229633432712, 0.04149330466146504, 0.3036753050444166, 0.04678011071558155, -0.22561748142800347, 0.41575952889306916, 0.19181476430679914, 0.08812608892123608, 0.890740645780773, -0.14654783926769016]",550,25,6.0
PART-009,Transmission_Housing_v1,"[0.6377604183308142, 0.7343853640817077, 0.5305499729435096, 0.36643949981928226, 2.0, 0.772096196224206, 0.9428465394959371, 0.4054795517816012, -0.05641619791476585, -0.0517994646095396, -0.09200320632826728, 0.08867946735428518, 0.13732147571591155, 0.10726010095101514, -0.2902917531649748, 0.05151216005434658, -0.14634183351767083, -0.01187982051668637, 0.11820869952790755, 0.32871109688443023, 0.04202086657211758, -0.11221515452526822, 0.019924299085612544, 0.6385917473006925, -0.06138314735833506, -0.1480252903602171, -0.24516485222171086, 0.20556089061571722, -0.05251962230641606, 0.3764223280316692, 0.32512681219489553, 0.01035942434693417, -0.32289805260717375, 0.38537624017110533, 0.057689911868015684, -0.48307752214192445, -0.24447827185209514, -0.6323580799947236, 0.7009071256891248, -0.38614117359913, 0.37773973421317275, 0.06150323927753202, 0.47945625981213963, -0.1747116063998511, 0.11266421822543418, 0.32654410229902814, 0.1435650677396739, 0.246901092798718, -0.22467512834682904, 0.3270272944049629]",420,45,5.5
PART-010,Transmission_Housing_v2,"[0.6823254344826486, 0.6160082380482649, 0.6160402914286174, 0.30857611483706443, 2.0, 0.841826376614917, 1.0239452943826552, 0.3486728662430087, 0.12887205452715073, 0.03911135869467761, -0.4364661856638531, 0.5167222407518913, 0.11802096090100339, -0.32888809663285806, -0.17733304907508446, -0.5058662309659385, 0.20935076509132225, -0.14414678903970587, -0.3402239031328945, 0.007731728803364178, -0.12845657929705984, -0.1389352327641745, -0.048704240384588815, -0.5080323595389278, 0.2991064615386793, 0.5260156853935057, 0.04834665279315676, -0.4430466986915737, 0.17689722201078897, 0.16214452417235048, 0.2728395733675024, 0.25805989835030196, 0.3316164959041112, 0.11791585835627721, -0.1315265715810571, -0.42871290293785, 0.4525575004927977, -0.26285576055315046, -0.6222350684032074, 0.1676654531856626, -0.01022806539565708, 0.035563470024957355, -0.4730955908999473, -0.4906652770909643, 0.36545344577586275, -0.33501891529267486, -0.18232812718624705, 0.20426343317570345, -0.07659809273635314, -0.04296460775654647]",430,48,6.0
PART-011,Wheel_Hub_v1,"[0.8035745090568777, 0.2986223600254041, 0.7663777894733685, 0.6975163829108431, 0.921021544833735, 1.4723164817997108, 0.8442621801479682, 0.811679992834249, 0.07825267337621562, -0.02762266893674651, 0.17450982229387882, 0.13929569710880269, 0.21699683864745017, -0.2422341471176477, -0.611859229874335, 0.12997891393998007, 0.20796357296788334, 0.4392805878833668, 0.1453500797864526, -0.23651536886662683, 0.11385948694957237, -0.020542341940893483, 0.12539503790552056, -0.2252813452628154, 0.4085990850072687, 0.30578104676429974, -0.10197961267020472, -0.030787623373779577, -0.19209566307457024, 0.02029620826532583, 0.6802683994598433, -0.24672448405851044, -0.5301273741366266, 0.3785867788214989, -0.198572007437773, -0.020457280482928483, -0.223914837508987, 0.36541616354453405, -0.24348423768965088, -0.08015113996230197, -0.12888775438812414, -0.3320453138984913, -0.3556124480631948, 0.05705322479738616, -0.053426912106866536, 0.503690219698387, 0.05151577488219716, -0.11350634862161317, -0.07279092982604957, -0.14099244380657716]",600,20,7.0
PART-012,Wheel_Hub_v2,"[0.8750384211147599, 0.24929609859897775, 0.8314205925332155, 0.8310524673717968, 1.0800050478958978, 1.4861576385413422, 0.9229266986662809, 0.7657439585522561, 0.07567484028295338, -0.09970298138076611, 0.030109841846107696, 0.46378392456018824, -0.19526971552996045, 0.1400852520725175, 0.19635580318559911, 0.0978509934488172, -0.011253953781630136, 0.06860668410261117, -0.22182317726825654, -0.2592935816128306, 0.19879598512871458, 0.05526992227316836, 0.14218160052851453, 0.49802281075958055, -0.3452117441340385, -0.1869081658671274, 0.2441120389325494, 0.08323795045762537, -0.04737838439777728, 0.496099114989196, 0.2954050365177771, 0.06971386585901115, -0.7769663247928198, -0.06619881770939007, 0.3425018131684466, 0.35677881935685424, 0.09692744013296116, -0.23369451353513349, 0.3133562098099049, 0.2671606035559784, -0.08598588279796456, -0.31451425563910784, 0.1863964179578456, -0.6015832891591094, 0.13825268193088278, -0.09254231006418054, -0.37954249283413005, 0.4118562944135799, 0.022142874119410128, 0.08772207042170313]",620,22,7.5
PART-013,Engine_Bracket_v1,"[0.6515505976092968, 0.4905546736062389, 0.5183158189162126, 0.3186045023541221, 2.0, 0.6364839283926605, 1.0458793438540401, 0.44828644960185693, -0.02245673230012339, -0.060486704776796935, 0.5056524859466542, -0.042984772467434935, 0.6008446250760311, -0.00528946040756992, 0.07000278528254698, -0.4015518672363276, -0.3737455800123154, 0.462468481541181, -0.33321279944486604, -0.33922328620857817, -0.4289481033450609, -0.24244814832556252, 0.1398399002579738, 0.8012104607666243, 0.3333949753714814, 0.339829635147552, 0.19145614348885345, -0.17995121472555523, 0.3326512668428984, -0.27394567437695344, -0.21676345015767903, 0.10030773451085974, 0.25889174531394354, -0.012613037904896708, -0.38118166573849394, -0.10021590159629314, -0.2883017707608161, 0.13828575806068888, -0.26585801128715325, 0.038759385139248606, 0.35784046348724574, -0.3779697829408969, 0.06030152573787028, 0.22348510982852773, 0.1809681834945162, -0.31673665470428863, 0.07091307400235229, -0.4412849414833819, 0.5745827739976326, 0.21866862758835756]",400,40,5.0
PART-014,Engine_Bracket_v2,"[0.562894694445486, 0.5183474109851252, 0.5118256329233973, 0.2654858357041662, 2.0, 0.6962563918901209, 1.011849101182597, 0.5137619208841728, -0.039853175461812516, 0.10046792316601903, -0.2831379611616953, -0.07979665652580811, 0.3355390735980059, -0.4103045243986688, -0.8219683124427215, 0.3168425258090202, -0.47082198950409687, 0.3059955651321646, 0.5878614038106682, 0.13832357790171754, 0.26269884528796805, -0.034731240483469566, 0.0739503441824149, 0.210689104372753, -0.39204625872993165, -0.1529042138506589, 0.390973576882609, 0.20547520165370498, 0.042986683240783814, -0.06859471478161581, -0.012112444468377252, 0.19848078512761771, -0.476589013909372, -0.5410996824025891, -0.2554437644883033, 0.39888717893064635, 0.01794322448265251, 0.019349960245353053, -0.20662816625134117, 0.33279972133192354, 0.308295837792625, 0.09570735963935123, -0.2863330537054257, 0.2894382055678684, -0.5811225674979773, 0.24512882297321856, -0.30640664571882853, 0.10057856831241496, 0.05607185021489876, 0.13061627907013784]",420,42,5.5
PART-015,Suspension_Arm_v1,"[0.706014408690703, 0.4739747298927534, 0.5275367942553335, 0.34176298343961337, 1.8047213231912065, 0.8326768419259636, 1.0136057664066456, 0.6637012835243916, -0.05827371322302577, 0.024924527634272227, 0.24916774190786975, -0.1008266148610642, -0.11909124564204815, -0.05387367931425627, -0.3923251140218413, 0.17545909336892304, 0.13847910149651385, -0.4117096074281395, -0.23740182741183505, 0.044298205721572156, -0.6147225510326456, -0.24956371085037843, 0.1743640239976083, 0.42076639455826026, 0.29396825456701214, 0.4412304325793327, -0.20793557785391853, 0.22093489942434844, 0.305511876390715, -0.5117688609681725, -0.8271333808761517, 0.6043767353685721, -0.6158504713272929, 0.04884934258914138, 0.23130806505011953, -0.5637314442027057, -0.6520557153517104, 0.1869413559729436, 0.1749457412205193, -0.809470939763503, 0.2729169202867678, 0.15618750245355814, 0.11053940585254529, 0.7416302704602796, 0.18253486523573442, 0.4050685106872875, -0.3025836379306022, -0.35691067619375944, -0.2922989388748174, -0.23301449257785695]",450,35,6.0
PART-016,Suspension_Arm_v2,"[0.7010717927108275, 0.5258120137426037, 0.6724635864017648, 0.4746039900999158, 1.8810010604627334, 0.983656949042677, 1.011675512735951, 0.6099621029354081, -0.04815982448236082, 0.01836501413271448, 0.25012278539708743, 0.17981105257824617, 0.014343534525947626, -0.1555953274184815, 0.30942062167682044, -0.16443528562031598, -0.03622160204766492, 0.4565989751137055, 0.1530356350029883, -0.27936958595584266, -0.04150271339395911, -0.44491947377151464, 0.13264335740183877, -0.22029768540753925, -0.33028073086959064, 0.04692899479454841, -0.023800021252735972, -0.017407500730597797, 0.14310530534708021, -0.02905382751164249, 0.47461673415324823, 0.19427713736711452, -0.4333124735581388, -0.23391370625186902, -0.03285079361980002, 0.33282896171023973, -0.43717684866949275, -0.49208158507265454, -0.1779903281547888, 0.2300262280212172, -0.2963463368537473, -0.25160801662152765, -0.09616783243985862, 0.3142252735957902, 0.12594034422725875, -0.2129375436268061, 0.2192748286014084, 0.30844052295527813, -0.025930318449260435, 0.0746938008865978]",470,38,6.5
PART-017,Steering_Knuckle_v1,"[0.6167449990498851, 0.6950270274958922, 0.5786459505448511, 0.2692751491050548, 2.0, 0.6248454209534448, 0.9351816719677093, 0.32192448213396535, -0.09394328575341847, 0.04405791015367469, 0.6133184759574349, 0.09494050187182722, 0.2637910395195095, 0.42207308782168457, -0.10209329497852732, -0.4387373116659922, -0.05635083649537052, 0.4130824768982205, -0.4037147466973447, -0.0007857696200688468, 0.3717690561161176, -0.28311301383000054, -0.09641968272155972, -0.10457867518591114, 0.29086907500644305, 0.23036760946369955, 0.08668929238471355, -0.4036924984777258, -0.3149660791171728, -0.12907933464945778, -0.20526618511889588, 0.4219424589275535, 0.23527887478399026, 0.07174753896586092, 0.17162213687796726, -0.0455144624831137, -0.20440472038173813, 0.045039633469700184, -0.5587879425949344, 0.49329781303886133, 0.06993202770071141, -0.16236520552672887, 0.165958949286175, -0.03537012410296141, 0.3067767370694624, -0.13470374731304793, 0.018469642594599153, 0.32264306268460247, 0.05877737480816578, -0.6893671713752522]",380,50,5.0
PART-018,Steering_Knuckle_v2,"[0.6944204890302839, 0.8490128343093958, 0.5987003433834913, 0.2914750271334179, 2.0, 0.7943752911548873, 0.9397884361143497, 0.2533039155164875, 1.0569486294456656, -0.0302323982703284, -0.4122903054317354, 0.20513133644670029, -0.17734316137922576, 0.10970091333109998, -0.19546746952909613, 0.36474787644424056, 0.1995773460537059, 0.33338725084695, 0.04334546048820609, -0.29564415077129397, -0.24796509716407772, -0.05613762106914246, 0.055776492167739965, 0.13209672434589093, 0.08326448161041117, 0.1153365636129024, 0.15214852290531397, -0.06239645442284968, 0.050687736273966784, 0.24466903819058006, 0.03941230354474284, 0.09149336773673879, 0.3607996597536539, 0.1951335539356536, -0.2018823950352697, 0.36576552806806756, -0.5471569215280602, 0.29297746757139553, 0.17571655732049338, 0.1691835513399449, 0.02278738716068154, -0.5321102293419155, 0.32080938495154515, 0.2650165304790788, -0.12221158348126855, -0.38278176005397474, 0.16160783498502027, -0.24234741929686146, -0.2505994279282593, -0.25585019338253023]",400,52,5.5
PART-019,Turbo_Housing_v1,"[0.8701592279246171, 0.18255798893191483, 0.3969477238431766, 0.8440063193789941, 0.7919781979700722, 0.8925224810939342, 0.7585092587171249, 1.0148411813160299, -0.03579136163109343, 1.0172491382002018, 0.12062888157629556, -0.5945972732297518, 0.207163011293769, -0.15037272549538366, -0.5117677165962035, 0.29974272630569737, 0.6274763625399539, 0.13276128601354828, 0.41642265355310315, 0.034625550265979306, -0.11262677846453412, -0.11585940113124855, 0.11340065576517644, -0.09294368280539608, -0.37177872260018413, -0.04942948626682787, -0.16347234986248127, 0.17646239055205362, -0.26740320003539586, -0.3831759675552647, 0.06804458160119925, 0.2309030055759233, -0.0009589356276634076, -0.5721554244029884, 0.18201555700090302, -0.3924886191719984, 0.3413202166613521, 0.34660683290809513, -0.3870042531719445, 0.2957629014062848, 0.12767925364481703, 0.25259049098961617, 0.09836819176647256, 0.5284765148447658, -0.6453873971059575, 0.07368293180675045, 0.07924353028748916, 0.33207929786736357, 0.4288971152793085, 0.21597030600981768]",650,15,4.0
PART-020,Turbo_Housing_v2,"[1.0306518826558915, 0.20397107144031745, 0.3970188626017482, 0.912108551492142, 0.9225892830107361, 1.003640917132345, 0.7075100169626205, 0.876786063431767, 0.019680619437714823, 1.0212858824849447, 0.1579962391084249, 0.6637002335738663, 0.059387686583866325, 0.42564931251259225, 0.2615383090883794, -0.3066941316896759, -0.0756187212808441, -0.4636233624108313, 0.1464027259440127, 0.06600741658615807, 0.23677749533924833, -0.4619594351017971, -0.17692224364469125, -0.415397217289119, 0.31171452740503436, -0.4627392051742758, 0.2527274810044558, -0.3587698265154745, 0.8310636541407768, 0.4146185063832653, 0.43367285833364794, -0.13019866033914645, 0.3014402650838201, 0.19912854228914487, 0.2791325645825609, -0.060949198593287734, 0.2851781337520487, -0.3555648810617971, 0.038629056754806115, 0.5499311120748148, -0.03971972194582474, -0.09872638420740124, 0.17374932056834388, 0.26573430759872946, 0.29940766298301275, -0.0654188081402394, 0.13026151154529245, -0.03713742311066756, -0.2774798236124923, -0.19496234071968901]",680,18,4.5
